,,Ibuprofen,Aspirin,Ketorolac,Furosemide
,,,,,
42-MG-BA,,1,1.416083916,1,1
A172,,1,1.730769231,1,1
AM-38,,1,1,1,1
CCF-STTG1,,1,1.416083916,1,1
LN-229,,1,1,1,1
T98G,,1,1.730769231,1,1
U-87-MG,,1,1.416083916,1,1
YKG-1,,1,1.416083916,1,1